id,url,title,num_comments,score,author,created,selftext
185djpy,https://www.reddit.com/r/wallstreetbets/comments/185djpy/what_are_your_moves_tomorrow_november_28_2023/,"What Are Your Moves Tomorrow, November 28, 2023",168,0,OPINION_IS_UNPOPULAR,1701118845.0,"Make sure you're in the [WSB Discord](https://discord.gg/wsbverse)!

Check out our [Earnings Thread](https://reddit.com/r/wallstreetbets/about/sticky?num=2) and [Rules](https://www.reddit.com/r/wallstreetbets/wiki/contentguide). DM the [mod inbox](https://www.reddit.com/message/compose/?to=/r/wallstreetbets)"
1850f23,https://www.reddit.com/r/wallstreetbets/comments/1850f23/daily_discussion_thread_for_november_27_2023/,"Daily Discussion Thread for November 27, 2023",4645,55,OPINION_IS_UNPOPULAR,1701082870.0,"Join [WSB's community voice chat](https://discord.com/channels/1037784194476163223/1083096862099263528), every day from 8:30am to whenever!

Check out our [Earnings Thread](https://reddit.com/r/wallstreetbets/about/sticky?num=2) and [Rules](https://www.reddit.com/r/wallstreetbets/wiki/contentguide)."
184kph0,https://www.reddit.com/r/wallstreetbets/comments/184kph0/what_are_your_moves_tomorrow_november_27_2023/,"What Are Your Moves Tomorrow, November 27, 2023",3784,76,OPINION_IS_UNPOPULAR,1701032442.0,"Make sure you're in the [WSB Discord](https://discord.gg/wsbverse)!

Check out our [Earnings Thread](https://reddit.com/r/wallstreetbets/about/sticky?num=2) and [Rules](https://www.reddit.com/r/wallstreetbets/wiki/contentguide). DM the [mod inbox](https://www.reddit.com/message/compose/?to=/r/wallstreetbets)"
182pocp,https://www.reddit.com/r/wallstreetbets/comments/182pocp/daily_discussion_thread_for_november_24th_2022/,"Daily Discussion Thread for November 24th, 2022, Turkey Day",3194,63,OPINION_IS_UNPOPULAR,1700823657.0,"Happy South Canadian Turkey folks. 

Stock markets are closed, but \*stock\* markets are open! (Get it, like chicken stock?) 

Anyways, please feel free to use this thread to shitpost to the max and have a blast. Markets will reopen tomorrow as usual, but close at 1PM EST."
182poaz,https://www.reddit.com/r/wallstreetbets/comments/182poaz/daily_discussion_thread_for_november_24_2023/,"Daily Discussion Thread for November 24, 2023",7,5,OPINION_IS_UNPOPULAR,1700823653.0,"Join [WSB's community voice chat](https://discord.com/channels/1037784194476163223/1083096862099263528), every day from 8:30am to whenever!

Check out our [Earnings Thread](https://reddit.com/r/wallstreetbets/about/sticky?num=2) and [Rules](https://www.reddit.com/r/wallstreetbets/wiki/contentguide)."
182ay78,https://www.reddit.com/r/wallstreetbets/comments/182ay78/what_are_your_recipes_tomorrow_november_24th_2022/,"What Are Your Recipes Tomorrow, November 24th, 2022",2762,176,OPINION_IS_UNPOPULAR,1700773629.0,"Happy turkey day weirdos. That's right, South Canadian markets are closed tomorrow, November 24th. If you can't cope with the market withdrawal symptoms, you better pray that your investments are dual listed somewhere else.

It's crazy to look back at everything that's happened in the past year. I could never have imagined this is where WSB (or the markets) would be. 

Personally, I am very thankful to have you here. You all make this place vibrant and enjoyable every day, and I am very lucky to be able to participate here alongside you.

For those of you of you who made a killing in 2022, congratulations, and fuck you. 

For those of you who were not so fortunate and maybe made a bad trade here or there. Maybe [this wil help](https://i.imgur.com/30BDWJF.png). 

Without further ado, shitpost away!"
182assi,https://www.reddit.com/r/wallstreetbets/comments/182assi/what_are_your_moves_tomorrow_november_24_2023/,"What Are Your Moves Tomorrow, November 24, 2023",102,16,OPINION_IS_UNPOPULAR,1700773226.0,"Make sure you're in the [WSB Discord](https://discord.gg/wsbverse)!

Check out our [Earnings Thread](https://reddit.com/r/wallstreetbets/about/sticky?num=2) and [Rules](https://www.reddit.com/r/wallstreetbets/wiki/contentguide). DM the [mod inbox](https://www.reddit.com/message/compose/?to=/r/wallstreetbets)"
181ys9w,https://www.reddit.com/r/wallstreetbets/comments/181ys9w/daily_discussion_thread_for_november_23_2023/,"Daily Discussion Thread for November 23, 2023",1977,30,OPINION_IS_UNPOPULAR,1700737242.0,"Join [WSB's community voice chat](https://discord.com/channels/1037784194476163223/1083096862099263528), every day from 8:30am to whenever!

Check out our [Earnings Thread](https://reddit.com/r/wallstreetbets/about/sticky?num=2) and [Rules](https://www.reddit.com/r/wallstreetbets/wiki/contentguide)."
181jkbb,https://www.reddit.com/r/wallstreetbets/comments/181jkbb/what_are_your_moves_tomorrow_november_23_2023/,"What Are Your Moves Tomorrow, November 23, 2023",3603,83,OPINION_IS_UNPOPULAR,1700686814.0,"Make sure you're in the [WSB Discord](https://discord.gg/wsbverse)!

Check out our [Earnings Thread](https://reddit.com/r/wallstreetbets/about/sticky?num=2) and [Rules](https://www.reddit.com/r/wallstreetbets/wiki/contentguide). DM the [mod inbox](https://www.reddit.com/message/compose/?to=/r/wallstreetbets)"
1816l4d,https://www.reddit.com/r/wallstreetbets/comments/1816l4d/daily_discussion_thread_for_november_22_2023/,"Daily Discussion Thread for November 22, 2023",6781,67,OPINION_IS_UNPOPULAR,1700650851.0,"Join [WSB's community voice chat](https://discord.com/channels/1037784194476163223/1083096862099263528), every day from 8:30am to whenever!

Check out our [Earnings Thread](https://reddit.com/r/wallstreetbets/about/sticky?num=2) and [Rules](https://www.reddit.com/r/wallstreetbets/wiki/contentguide)."
